{
	"format_version": "1.8.0",
	"animations": {
		"animation.snake.idle": {
			"loop": true,
			"animation_length": 0.5,
			"bones": {
				"bone": {
					"rotation": {
						"0.0": {
							"vector": [0, 1, 0]
						},
						"0.0833": {
							"vector": [0, 0, 0]
						},
						"0.125": {
							"vector": [0, 1.5, 0]
						},
						"0.1667": {
							"vector": [0, 1, 0]
						},
						"0.2083": {
							"vector": [0, 0, 0]
						},
						"0.25": {
							"vector": [0, -1, 0]
						},
						"0.2917": {
							"vector": [0, -1.5, 0]
						},
						"0.3333": {
							"vector": [0, -2, 0]
						},
						"0.4167": {
							"vector": [0, -1.5, 0]
						},
						"0.4583": {
							"vector": [0, -1, 0]
						},
						"0.5": {
							"vector": [0, 0, 0]
						}
					}
				},
				"bone2": {
					"rotation": {
						"0.0417": {
							"vector": [0, 1, 0]
						},
						"0.2083": {
							"vector": [0, 0, 0]
						},
						"0.375": {
							"vector": [0, -1, 0]
						}
					}
				}
			}
		},
		"animation.snake.walk": {
			"loop": true,
			"animation_length": 1.25,
			"bones": {
				"bone2": {
					"position": {
						"0.0": {
							"vector": [0, 0, 0]
						},
						"0.0417": {
							"vector": [-0.5, 0, 0]
						},
						"0.625": {
							"vector": [-1.5, 0, 0]
						},
						"0.7083": {
							"vector": [0.5, 0, 0]
						},
						"0.9167": {
							"vector": [1, 0, 0]
						},
						"1.0": {
							"vector": [0, 0, 0]
						}
					}
				},
				"bone3": {
					"position": {
						"0.0": {
							"vector": [0, 0, 0]
						},
						"0.0833": {
							"vector": [-0.5, 0, 0]
						},
						"0.5833": {
							"vector": [-1.5, 0, 0]
						},
						"0.75": {
							"vector": [0.5, 0, 0]
						},
						"0.9583": {
							"vector": [1, 0, 0]
						},
						"1.0417": {
							"vector": [0, 0, 0]
						}
					}
				},
				"bone4": {
					"position": {
						"0.0": {
							"vector": [0, 0, 0]
						},
						"0.125": {
							"vector": [-0.5, 0, 0]
						},
						"0.5417": {
							"vector": [-1.5, 0, 0]
						},
						"0.7917": {
							"vector": [0.5, 0, 0]
						},
						"1.0": {
							"vector": [1, 0, 0]
						},
						"1.125": {
							"vector": [0, 0, 0]
						}
					}
				},
				"bone5": {
					"position": {
						"0.0": {
							"vector": [0, 0, 0]
						},
						"0.1667": {
							"vector": [-0.5, 0, 0]
						},
						"0.5": {
							"vector": [-1.5, 0, 0]
						},
						"0.8333": {
							"vector": [0.5, 0, 0]
						},
						"1.0": {
							"vector": [1, 0, 0]
						},
						"1.1667": {
							"vector": [0, 0, 0]
						}
					}
				},
				"bone6": {
					"position": {
						"0.0": {
							"vector": [0, 0, 0]
						},
						"0.2083": {
							"vector": [-0.5, 0, 0]
						},
						"0.4583": {
							"vector": [-1.5, 0, 0]
						},
						"0.875": {
							"vector": [0.5, 0, 0]
						},
						"1.0833": {
							"vector": [1, 0, 0]
						},
						"1.1667": {
							"vector": [0, 0, 0]
						}
					}
				},
				"bone7": {
					"position": {
						"0.0": {
							"vector": [0, 0, 0]
						},
						"0.25": {
							"vector": [-0.5, 0, 0]
						},
						"0.4167": {
							"vector": [-1.5, 0, 0]
						},
						"0.9167": {
							"vector": [0.5, 0, 0]
						},
						"1.125": {
							"vector": [1, 0, 0]
						},
						"1.2083": {
							"vector": [0, 0, 0]
						}
					}
				},
				"bone8": {
					"position": {
						"0.0": {
							"vector": [0, 0, 0]
						},
						"0.2917": {
							"vector": [-0.5, 0, 0]
						},
						"0.375": {
							"vector": [-1.5, 0, 0]
						},
						"0.9583": {
							"vector": [0.5, 0, 0]
						},
						"1.1667": {
							"vector": [1, 0, 0]
						},
						"1.2083": {
							"vector": [0, 0, 0]
						}
					}
				}
			}
		}
	},
	"geckolib_format_version": 2
}