{
	"format_version": "1.12.0",
	"minecraft:geometry": [
		{
			"description": {
				"identifier": "geometry.unknown",
				"texture_width": 16,
				"texture_height": 16,
				"visible_bounds_width": 2,
				"visible_bounds_height": 1.5,
				"visible_bounds_offset": [0, 0.25, 0]
			},
			"bones": [
				{
					"name": "bone",
					"pivot": [0, 0, 0],
					"cubes": [
						{"origin": [-1, 0, -8], "size": [2, 2, 2], "uv": [0, 0]}
					]
				},
				{
					"name": "bone2",
					"pivot": [0, 0, 0],
					"cubes": [
						{"origin": [-1, 0, -6], "size": [2, 1, 2], "uv": [0, 4]}
					]
				},
				{
					"name": "bone3",
					"pivot": [0, 0, 0],
					"cubes": [
						{"origin": [-1, 0, -4], "size": [2, 1, 2], "uv": [0, 4]}
					]
				},
				{
					"name": "bone4",
					"pivot": [0, 0, 0],
					"cubes": [
						{"origin": [-1, 0, -2], "size": [2, 1, 2], "uv": [0, 4]}
					]
				},
				{
					"name": "bone5",
					"pivot": [0, 0, 0],
					"cubes": [
						{"origin": [-1, 0, 0], "size": [2, 1, 2], "uv": [0, 4]}
					]
				},
				{
					"name": "bone6",
					"pivot": [0, 0, 0],
					"cubes": [
						{"origin": [-1, 0, 2], "size": [2, 1, 2], "uv": [0, 4]}
					]
				},
				{
					"name": "bone7",
					"pivot": [0, 0, 0],
					"cubes": [
						{"origin": [-1, 0, 4], "size": [2, 1, 2], "uv": [0, 4]}
					]
				},
				{
					"name": "bone8",
					"pivot": [0, 0, 0],
					"cubes": [
						{"origin": [-1, 0, 6], "size": [2, 1, 2], "uv": [0, 4]}
					]
				}
			]
		}
	]
}