{
	"format_version": "1.8.0",
	"animations": {
		"animation.snake.idle": {
			"loop": true,
			"animation_length": 0.5,
			"bones": {
				"bone": {
					"rotation": {
						"0.0": {
							"vector": [0, 1, 0]
						},
						"0.0833": {
							"vector": [0, 0, 0]
						},
						"0.125": {
							"vector": [0, 1.5, 0]
						},
						"0.1667": {
							"vector": [0, 1, 0]
						},
						"0.2083": {
							"vector": [0, 0, 0]
						},
						"0.25": {
							"vector": [0, -1, 0]
						},
						"0.2917": {
							"vector": [0, -1.5, 0]
						},
						"0.3333": {
							"vector": [0, -2, 0]
						},
						"0.4167": {
							"vector": [0, -1.5, 0]
						},
						"0.4583": {
							"vector": [0, -1, 0]
						},
						"0.5": {
							"vector": [0, 0, 0]
						}
					}
				},
				"bone2": {
					"rotation": {
						"0.0417": {
							"vector": [0, 1, 0]
						},
						"0.2083": {
							"vector": [0, 0, 0]
						},
						"0.375": {
							"vector": [0, -1, 0]
						}
					}
				}
			}
		}
	},
	"geckolib_format_version": 2
}