{
  "type": "expandedsurvival:skylandsdim_type",
  "generator": {
    "type": "minecraft:noise",
    "biome_source": {
      "type": "minecraft:multi_noise",
      "biomes": [
        {
          "biome": "minecraft:plains",
          "parameters": {
            "continentalness": 0.0,
            "depth": 0.0,
            "erosion": 0.0,
            "humidity": 0.0,
            "offset": 0.0,
            "temperature": 0.0,
            "weirdness": 0.0
          }
        },
        {
          "biome": "minecraft:birch_forest",
          "parameters": {
            "continentalness": 0.0,
            "depth": 0.0,
            "erosion": 0.2,
            "humidity": 0.2,
            "offset": 0.0,
            "temperature": 0.1,
            "weirdness": 0.0
          }
        },
        {
          "biome": "minecraft:ocean",
          "parameters": {
            "continentalness": 0.1,
            "depth": 0.0,
            "erosion": 0.1,
            "humidity": 0.6,
            "offset": 0.0,
            "temperature": 0.3,
            "weirdness": 0.0
          }
        },
        {
          "biome": "minecraft:dark_forest",
          "parameters": {
            "continentalness": 0.2,
            "depth": 0.0,
            "erosion": 0.1,
            "humidity": 0.3,
            "offset": 0.0,
            "temperature": 0.4,
            "weirdness": 0.0
          }
        }
      ]
    },
    "settings": "minecraft:amplified"
  }
}