{
  "variants": {
    "age=0": {
      "model": "expandedsurvival:block/blueberry_stage0"
    },
    "age=1": {
      "model": "expandedsurvival:block/blueberry_stage1"
    },
    "age=2": {
      "model": "expandedsurvival:block/blueberry_stage2"
    },
    "age=3": {
      "model": "expandedsurvival:block/blueberry_stage3"
    },
    "age=4": {
      "model": "expandedsurvival:block/blueberry_stage4"
    },
    "age=5": {
      "model": "expandedsurvival:block/blueberry_stage5"
    },
    "age=6": {
      "model": "expandedsurvival:block/blueberry_stage6"
    }
  }
}